customer_id,alias_text,product_code,known
3,72-239,CU-CPL-NORT-8-SR,True
3,59-675,BR-VLV-ISO-KEST-15-LB-P5,True
3,73-518,PB-INS-PROF-22-P10,True
3,63-827,CU-CPL-KEST-54-COMP-P10,False
3,72-271,CU-RED-KEST-28-15-EF-P10,True
3,13-914,ACC-SKT-PROF-1-SWIT-MB-P10,False
3,47-133,CU-TUBE-KEST-8-3-TY,True
3,78-395,ACC-SW-KEST-2-1-BC-P10,True
3,68-679,ACC-SW-PROF-3-2-MB-P10,False
3,73-662,CU-CPL-PROF-42-EF,True
3,83-216,ACC-SKT-PROF-2-UAS-PB-P10,True
3,79-943,ACC-FCU-NORT-SWN-BC,False
3,79-942,CU-RED-KEST-35-10-EF,False
3,66-659,LED-DL-PROF-6-6500-BN,True
3,64-204,CU-TUBE-PROF-42-2-TY,False
3,93-869,CU-TUBE-PROF-10-6-TY,True
3,14-560,LED-DL-PROF-8-4000-BN,True
3,21-549,PB-TEE-KEST-10-WHIT-P10,False
3,25-894,CU-CPL-PROF-54-COMP,False
3,36-930,CU-RED-KEST-35-15-COMP,False
3,98-459,WST-BND-45-50-BLAC,False
3,88-747,CON-RCBO-PROF-C-16,True
3,88-242,CU-EL45-NORT-28-SR-P10,False
3,36-924,ACC-SKT-KEST-2-UAS-BC,True
3,54-645,CU-EL90-KEST-42-SR-P10,True
4,21-848,CU-TUBE-PROF-15-6-TY,False
4,91-780,SOIL-BND-92P5-WHIT,True
4,18-914,PB-TEE-NORT-10-WHIT,True
4,37-539,PB-TEE-KEST-10-GREY-P10,False
4,73-374,BR-VLV-BALL-PROF-11-BUTT2,True
4,46-445,CU-TEE-PROF-10-EF,True
4,26-679,CU-CPL-PROF-28-SR-P10,False
4,53-798,ACC-SW-PROF-2-1-WM-P10,False
4,15-201,CU-EL45-PROF-8-SR,True
4,68-116,PB-EL90-KEST-10-WHIT-P10,True
4,30-551,CU-CPL-NORT-42-SR-P10,True
4,64-307,CU-CPL-PROF-15-SR-P10,False
4,26-765,BR-VLV-ISO-PROF-28-LR,True
4,45-195,CU-TUBE-KEST-22-6-TY,True
4,42-184,SOIL-BND-45-WHIT,True
4,93-269,BR-VLV-ISO-PROF-15-LB-P5,True
4,90-412,ACC-SW-KEST-3-1-MB,False
4,39-539,LED-DL-PROF-8-4000-CHRO-P10,True
4,22-101,CU-TUBE-KEST-10-2-TX,True
4,19-235,PB-PIPE-KEST-10-100,True
4,76-796,ACC-SW-PROF-2-2-MB,True
4,11-812,ACC-SKT-PROF-1-UNSW-MB,True
4,25-980,LED-DL-KEST-5-3000-WHIT,True
4,26-589,CU-TEE-KEST-22-SR-P10,True
4,59-191,CU-TEE-NORT-54-SR-P10,False
4,23-205,ACC-SW-NORT-2-2-PB,True
4,48-240,PB-EL90-KEST-15-WHIT-P10,True
4,27-756,ACC-SKT-NORT-2-UNSW-BC-P10,False
4,28-170,LED-DL-KEST-5-4000-BN-P10,True
4,11-724,LED-DL-PROF-8-3000-BN,True
4,66-459,TRAP-BATH-40-38,False
4,90-866,CU-EL90-KEST-10-COMP,True
6,73-753,CON-MCB-PROF-C-32-DP,True
6,77-112,CU-RED-PROF-15-8-EF-P10,False
6,50-235,CU-TEE-NORT-22-EF-P10,True
6,82-530,CU-TEE-PROF-28-SR-P10,True
6,97-276,CU-CPL-PROF-54-SR-P10,False
6,19-117,CU-CPL-NORT-28-EF,True
6,11-368,ACC-SW-KEST-1-1-WM,True
6,17-908,ACC-SKT-KEST-1-UNSW-BC-P10,True
6,46-743,CON-MCB-KEST-C-10-DP,False
6,63-533,WST-BND-45-50-BLAC,False
6,20-755,CU-CPL-PROF-54-SR,True
6,88-256,BR-VLV-ISO-PROF-22-SLOT,True
6,49-180,PB-EL90-KEST-10-WHIT,True
6,36-927,CU-TEE-NORT-10-SR-P10,True
6,51-500,BR-VLV-ISO-PROF-22-LR,True
6,93-797,PB-EL90-PROF-10-WHIT-P10,True
6,49-815,CU-EL90-PROF-15-EF-P10,True
6,40-159,PB-INS-KEST-22-P50,True
6,65-218,CU-RED-NORT-35-8-EF-P10,True
6,87-156,CU-RED-KEST-42-8-EF,True
6,94-858,ACC-SW-KEST-3-1-WM,True
6,11-824,PB-TEE-NORT-28-WHIT,True
6,11-267,CU-EL45-NORT-35-EF-P10,True
6,54-635,BR-VLV-ISO-KEST-22-LR,True
6,43-270,BOX-BACK-2-47,True
6,44-850,ACC-SW-KEST-1-2-WM,False
6,13-443,CU-CPL-KEST-28-COMP-P10,False
6,44-636,BR-VLV-ISO-KEST-28-LR-P5,True
13,76-147,CU-TEE-KEST-28-SR-P10,False
13,18-998,CLIP-CBL-FT-7,True
13,46-892,LED-DL-KEST-5-6500-WHIT-P10,False
13,51-188,ACC-SKT-KEST-2-UAS-PB-P10,True
13,11-477,CU-EL45-NORT-35-COMP-P10,True
13,82-903,SOLDER-500,True
13,89-348,CU-TUBE-PROF-10-6-TY,True
13,85-605,ACC-SKT-NORT-2-SWIT-PB,False
13,35-850,CU-TUBE-NORT-22-3-TX,False
13,41-254,BR-VLV-GATE-NORT-35-COMP,True
13,62-124,CU-TEE-PROF-42-EF-P10,True
13,54-751,CU-CPL-KEST-42-COMP,False
13,11-443,CU-RED-PROF-35-15-COMP-P10,True
13,94-485,CU-EL90-KEST-10-COMP,False
13,49-206,CU-EL45-KEST-42-EF,True
13,40-529,CU-EL90-NORT-8-SR,True
13,17-245,BR-VLV-ISO-NORT-22-LB-P5,False
13,21-144,CU-EL45-KEST-54-SR,False
13,76-522,LED-DL-NORT-6-4000-CHRO-P10,False
13,57-569,ACC-SKT-NORT-1-UNSW-PB,False
13,20-694,ACC-SKT-PROF-2-UAS-MB,True
13,27-752,CU-TUBE-KEST-42-3-TX,False
13,19-706,CU-RED-KEST-22-10-EF-P10,True
13,65-778,CU-EL45-KEST-8-EF,False
13,40-398,ACC-FCU-KEST-SWIT-BC,True
13,50-920,CU-RED-PROF-28-15-COMP-P10,True
13,51-425,SOIL-BND-45-BLAC,True
13,39-176,BR-VLV-ISO-PROF-22-LR,False
13,27-898,ACC-SW-PROF-3-1-MB,False
13,23-259,SOIL-PIPE-110-2P5-WHIT,True
13,67-577,PB-PIPE-NORT-10-50,True
13,25-648,CU-TEE-KEST-35-EF-P10,True
13,36-562,ACC-SKT-PROF-1-SWIT-BC-P10,True
13,43-972,CU-CPL-NORT-10-SR-P10,True
13,30-926,CU-EL45-NORT-22-COMP-P10,True
13,99-717,CU-RED-KEST-22-10-COMP,True
13,51-251,CU-RED-PROF-28-10-COMP,True
18,97-745,ACC-SKT-KEST-2-SWIT-MB-P10,False
18,20-696,ACC-SW-NORT-1-1-BC-P10,True
18,19-122,CU-EL45-NORT-10-SR,False
18,35-761,PB-TEE-PROF-22-GREY,True
18,26-194,BR-VLV-BALL-KEST-34IN-BUTT,False
18,52-225,CU-TUBE-PROF-42-6-TX,True
18,69-151,CU-EL90-PROF-35-EF-P10,True
18,83-543,ACC-SW-NORT-3-1-MB,False
18,60-608,LED-DL-KEST-5-3000-WHIT-P10,True
18,97-536,BR-VLV-ISO-PROF-28-LR-P5,True
18,37-291,CU-TEE-PROF-8-SR-P10,True
18,67-252,LED-DL-KEST-8-3000-BN-P10,True
18,89-731,CU-TEE-PROF-35-SR-P10,True
18,47-610,CU-CPL-PROF-54-SR,True
18,80-590,CU-CPL-NORT-15-COMP-P10,True
18,45-492,CU-EL90-NORT-8-EF,True
18,35-758,CU-EL45-PROF-15-EF,False
18,77-355,CU-RED-PROF-28-8-COMP,True
18,79-913,CU-CPL-PROF-10-EF-P10,True
18,58-900,CU-RED-NORT-15-10-COMP-P10,False
18,71-657,ACC-SW-NORT-2-1-MB,False
18,54-679,ACC-SKT-PROF-1-SWIT-WM,True
19,82-677,PB-PIPE-KEST-28-25,True
19,34-956,CU-RED-KEST-22-15-EF,False
19,73-655,CU-EL90-PROF-10-COMP,True
19,72-138,WST-BND-90-50-BLAC,True
19,39-716,CU-RED-PROF-22-8-EF-P10,True
19,77-589,CU-EL90-PROF-28-EF,True
19,88-306,PB-EL90-NORT-10-WHIT,False
19,53-834,CU-EL45-NORT-54-COMP-P10,True
19,51-160,LED-DL-NORT-6-4000-CHRO-P10,True
19,85-821,ACC-SKT-KEST-2-UNSW-MB,False
19,24-966,CU-RED-PROF-42-22-EF-P10,True
19,56-174,CU-TUBE-NORT-28-6-TY,True
19,94-505,CU-TEE-PROF-28-SR,True
19,53-409,BR-VLV-ISO-PROF-22-SLOT-P5,True
19,30-849,BR-VLV-ISO-KEST-28-LR-P5,False
19,91-598,BR-VLV-BALL-PROF-1IN-BUTT,True
19,32-824,CU-EL45-NORT-42-EF-P10,False
19,98-728,CU-RED-PROF-22-8-COMP,False
19,38-781,ACC-SW-KEST-2-1-BC,True
19,32-487,ACC-SKT-KEST-2-SWIT-WM-P10,True
19,98-401,CU-TUBE-PROF-42-3-TY,True
19,10-818,CU-RED-KEST-15-8-EF-P10,False
19,60-971,CU-RED-PROF-54-22-EF,False
19,82-133,WST-BND-90-50-WHIT,True
19,50-928,ACC-SKT-KEST-2-UAS-WM-P10,False
19,38-754,CU-EL90-PROF-22-EF-P10,True
19,73-244,ACC-SKT-KEST-1-UNSW-MB,True
22,59-548,BR-VLV-ISO-KEST-15-LR,False
22,31-523,CBL-SWA-3-10,True
22,58-459,SOIL-PIPE-110-2P5-GREY,True
22,22-948,CU-TUBE-PROF-15-3-TY,True
22,83-766,CU-TEE-NORT-28-SR-P10,False
22,38-266,CBL-TE-6-50-WHIT,True
22,14-401,CON-RCBO-NORT-B-16,True
22,43-207,CU-EL90-KEST-54-COMP,True
22,31-484,BR-VLV-BALL-PROF-12IN-LEVE,True
22,19-660,CU-RED-NORT-42-8-COMP,False
22,21-446,BR-VLV-ISO-PROF-28-LR,True
22,88-594,CU-EL45-PROF-42-EF-P10,False
22,65-769,ACC-SKT-KEST-1-SWIT-PB-P10,True
22,65-260,BR-VLV-GATE-PROF-15-BF,True
22,52-310,CU-CPL-KEST-10-COMP,False
22,62-813,CU-EL90-KEST-8-COMP-P10,True
22,79-371,CU-EL45-NORT-8-COMP-P10,True
36,70-600,BR-VLV-ISO-KEST-15-SLOT,False
36,43-193,CU-TEE-PROF-10-SR,True
36,59-289,CU-EL45-NORT-10-COMP-P10,True
36,58-478,ACC-SW-KEST-3-1-MB-P10,True
36,15-369,LED-DL-PROF-8-6500-CHRO-P10,True
36,43-331,CU-TUBE-NORT-8-6-TY,False
36,82-163,CU-EL45-NORT-35-EF-P10,True
36,99-783,ACC-SKT-NORT-1-SWIT-WM-P10,True
36,95-452,CU-EL90-KEST-15-SR-P10,False
36,62-874,CON-MCB-KEST-B-32-SP,True
36,80-162,CU-TEE-NORT-22-COMP,False
36,76-528,PB-TEE-NORT-22-WHIT,False
36,97-987,LED-DL-PROF-5-4000-CHRO,False
36,83-341,CU-RED-NORT-22-10-EF-P10,True
36,20-504,CU-TEE-PROF-15-EF-P10,False
36,14-614,CU-EL90-PROF-10-SR-P10,True
36,76-919,CU-RED-NORT-35-10-COMP-P10,True
36,89-250,CU-TUBE-PROF-28-3-TY,True
36,67-277,PB-TEE-KEST-28-WHIT-P10,False
36,31-316,CU-TEE-KEST-54-COMP-P10,False
36,26-143,LED-DL-NORT-6-6500-BN,True
36,97-545,CU-CPL-KEST-42-COMP-P10,True
36,90-251,WST-PIPE-40-4-WHIT,False
36,43-427,ACC-SW-NORT-1-2-WM,False
37,49-387,CU-EL45-PROF-35-COMP,False
37,99-801,CU-TEE-NORT-22-SR,True
37,39-237,ACC-SW-KEST-2-1-WM-P10,True
37,66-892,ACC-SW-NORT-1-1-PB-P10,False
37,44-846,TRAP-TS-32-75,True
37,92-191,PB-PIPE-PROF-28-25,True
37,37-943,LED-DL-KEST-6-4000-WHIT-P10,True
37,72-877,CU-EL90-NORT-8-SR,True
37,57-940,ACC-FCU-KEST-SWIT-MB,True
37,30-167,CU-CPL-KEST-28-COMP,True
37,74-513,ACC-SW-PROF-2-2-MB-P10,True
37,77-682,CU-TUBE-KEST-42-2-TX,True
37,34-996,CU-TUBE-KEST-35-2-TY,False
37,17-355,CU-TEE-PROF-28-SR,True
37,16-469,CU-CPL-KEST-8-EF,False
37,45-477,CU-TEE-PROF-28-COMP-P10,False
37,74-506,PB-EL90-PROF-15-WHIT-P10,True
37,25-797,CBL-FLEX-3-2P5-100-WHIT,True
37,57-600,ACC-SW-PROF-1-2-PB-P10,True
37,32-991,BR-VLV-BALL-NORT-11-BUTT,True
37,80-458,ACC-SKT-PROF-2-UAS-MB,True
37,43-866,LED-DL-PROF-6-4000-BN-P10,False
37,21-391,LED-DL-NORT-6-6500-CHRO,True
37,16-266,CU-EL45-KEST-10-SR-P10,False
37,37-977,CU-TUBE-PROF-35-3-TY,True
37,38-793,PB-PIPE-PROF-22-25,True
37,93-519,ACC-SW-NORT-2-2-PB,True
37,97-109,CU-TUBE-KEST-15-2-TY,True
37,26-762,ACC-SW-NORT-2-2-WM-P10,True
37,11-329,CU-EL45-KEST-15-SR,True
37,49-829,ACC-SW-NORT-1-1-WM-P10,False
37,92-381,RAD-VLV-LA-ANTH,True
37,58-972,BR-VLV-ISO-KEST-15-SLOT-P5,True
37,42-323,CU-EL45-NORT-10-SR-P10,True
37,96-633,LED-DL-NORT-8-3000-BN-P10,False
37,60-698,PB-PIPE-KEST-10-100,True
37,75-778,ACC-SKT-PROF-1-SWIT-WM-P10,False
37,57-674,CU-EL90-NORT-35-COMP,True
37,87-389,CBL-FLEX-2-1-50-BLAC,True
37,23-593,PB-INS-NORT-15-P50,True
40,95-467,TRAP-TP-32-75,True
40,31-960,PB-EL90-KEST-10-WHIT,True
40,81-285,BR-VLV-BALL-KEST-11-BUTT,True
40,70-231,PB-TEE-PROF-22-WHIT-P10,False
40,81-881,CU-RED-KEST-35-22-COMP-P10,False
40,97-443,CU-TUBE-KEST-42-3-TX,True
40,38-463,BR-VLV-ISO-KEST-28-SLOT,True
40,49-530,CU-EL45-NORT-42-COMP,False
40,52-480,ACC-SW-NORT-3-1-BC-P10,True
40,47-574,SOIL-PIPE-110-2P5-BLAC,False
40,70-154,CU-CPL-PROF-54-SR-P10,False
40,84-694,CU-EL90-PROF-10-SR,False
40,19-583,CLIP-CBL-ROUN-5,False
40,74-222,PB-TEE-NORT-28-WHIT,False
40,58-642,BR-VLV-BALL-KEST-12IN-LEVE,True
40,16-991,ACC-SW-PROF-3-2-PB,False
40,27-305,ACC-SW-NORT-3-1-MB-P10,True
40,82-568,ACC-SW-KEST-2-1-BC,True
40,33-897,CU-EL45-KEST-8-EF,True
40,52-746,CU-RED-KEST-42-10-EF-P10,False
40,50-749,CBL-FLEX-3-1P5-100-BLAC,True
40,67-380,CU-RED-PROF-28-8-COMP,True
40,31-690,LED-DL-NORT-8-4000-WHIT-P10,False
