customer_id,product_code,family,discount_pct
1,,,7.5
1,,BR-VLV-GATE,20
1,,CBL-SWA,20
1,,SOIL-BND,20
2,,,10
2,,PB-TEE,10
2,,ACC-FCU,15
2,,ACC-SW,5
3,,,7.5
3,,CON-MCB,5
3,,ACC-SKT,10
4,,,15
4,,PB-INS,15
5,,BR-VLV-ISO,20
6,,CLIP-CBL,5
6,,BR-VLV-BALL,15
7,,SOLDER,20
7,,PB-EL90,10
8,,,2.5
8,,WST-BND,10
8,,PB-INS,10
9,,,10
9,,ACC-SKT,10
9,,CU-CPL,5
9,,CBL-SWA,10
11,,ACC-SW,15
11,,PB-TEE,5
12,,,15
13,,,2.5
14,,,12.5
16,,,5
17,,,5
17,,SOIL-PIPE,15
17,,PB-TEE,20
17,,CBL-FLEX,10
18,,ACC-FCU,15
19,,,12.5
19,,BR-VLV-ISO,20
19,,CU-RED,5
19,,CBL-SWA,5
20,,CBL-FLEX,20
20,,BR-VLV-ISO,10
21,,,2.5
21,,CU-EL90,10
22,,,12.5
22,,RAD-VLV,10
22,,CU-TEE,5
23,,,15
23,,CON-RCBO,10
23,,TRAP,5
23,,PB-EL90,5
24,,,10
25,,,10
26,,,5
26,,CBL-TE,5
26,,BR-VLV-GATE,5
26,,WST-PIPE,15
27,,,7.5
27,,SOLDER,15
28,,,12.5
28,,SOLDER,5
28,,BOX-BACK,10
29,,,10
30,,PB-PIPE,20
30,,LED-DL,5
31,,,5
32,,,15
34,,,15
34,,CLIP-CBL,15
35,,SOIL-PIPE,5
35,,CU-RED,15
36,,,10
36,,CLIP-PIPE,20
36,,CBL-FLEX,20
37,,,5
37,,CU-RED,20
37,,PB-TEE,10
37,,TRAP,5
38,,BOX-BACK,10
39,,,12.5
40,,,2.5
40,,TRAP,20
40,,SOIL-PIPE,15
40,,CLIP-PIPE,5
